event_id,occurred_at,recorded_at,item_id,item_version,concept_id,event_type,independence,source_ref,raw_ref,summary,actor
EV-20260920-CH7-001,,2026-09-20T15:14:34Z,EXT-CH7-20260911-A,v1,Ch7,exposure,not_applicable,codex-task:01a08b91-687b-7033-bb65-8de7ad6983ff,,2026-09-11自拟六题经当前任务投放；不是仓库正式审查题；投放前未展示本题组答案或决定性提示,Codex
EV-20260920-CH7-002,,2026-09-20T15:14:34Z,EXT-CH7-20260911-A,v1,Ch7,attempt,unknown,codex-task:01a08b91-687b-7033-bb65-8de7ad6983ff,codex-task:01a08b91-687b-7033-bb65-8de7ad6983ff:user-images:2026-09-20,2026-09-20用户提交两张纸笔照片；题1和CBC局部成立；CFB/OFB/CTR状态关系及OFB误码有断点；部分条件与并行性回答覆盖不足,用户
EV-20260920-CH7-003,,2026-09-20T15:14:34Z,EXT-CH7-20260911-A,v1,Ch7,feedback,not_applicable,codex-task:01a08b91-687b-7033-bb65-8de7ad6983ff,,2026-09-20当前任务集中批改并展示局部正确模型；尚无修复后作答或迁移证据；候选局部复习不等于完成,Codex
"EV-20260920-C1112-A25","","2026-09-20T15:35:37.0579540+00:00","IMP-20260920-C1112-01-Q25","","CBC","attempt","unknown","学习记录/回合/2026-09-20_Ch11Ch12_Q25-32重做.md","","教学GPT转述2026-09-20重做Q25本轮正确；未见原纸；此前已学习和反馈","用户（教学GPT转述）"
"EV-20260920-C1112-A26","","2026-09-20T15:35:37.0579540+00:00","IMP-20260920-C1112-01-Q26","","CBCMAC","attempt","unknown","学习记录/回合/2026-09-20_Ch11Ch12_Q25-32重做.md","","教学GPT转述2026-09-20重做Q26攻击主干正确；完整题面及条件待核验","用户（教学GPT转述）"
"EV-20260920-C1112-A27","","2026-09-20T15:35:37.0579540+00:00","IMP-20260920-C1112-01-Q27","","CMAC.last-block","attempt","unknown","学习记录/回合/2026-09-20_Ch11Ch12_Q25-32重做.md","","教学GPT转述2026-09-20重做Q27本轮正确；未见原纸；独立性未核验","用户（教学GPT转述）"
"EV-20260920-C1112-A28","","2026-09-20T15:35:37.0579540+00:00","IMP-20260920-C1112-01-Q28","","CMAC.subkeys","attempt","unknown","学习记录/回合/2026-09-20_Ch11Ch12_Q25-32重做.md","","教学GPT转述2026-09-20重做Q28未准确恢复规定过程；来源方定位为首个实质断点","用户（教学GPT转述）"
"EV-20260920-C1112-A29","","2026-09-20T15:35:37.0579540+00:00","IMP-20260920-C1112-01-Q29","","AE","attempt","unknown","学习记录/回合/2026-09-20_Ch11Ch12_Q25-32重做.md","","教学GPT转述2026-09-20重做Q29安全需求回答正确；未见原纸","用户（教学GPT转述）"
"EV-20260920-C1112-A30","","2026-09-20T15:35:37.0579540+00:00","IMP-20260920-C1112-01-Q30","","CCM","attempt","unknown","学习记录/回合/2026-09-20_Ch11Ch12_Q25-32重做.md","","教学GPT转述2026-09-20重做Q30；后续判读存在技术问题；未见原纸不能确定错误来源","用户（教学GPT转述）"
"EV-20260920-C1112-A31","","2026-09-20T15:35:37.0579540+00:00","IMP-20260920-C1112-01-Q31","","GCM","attempt","unknown","学习记录/回合/2026-09-20_Ch11Ch12_Q25-32重做.md","","教学GPT转述2026-09-20重做Q31概括层次正确；不推定完整算法掌握","用户（教学GPT转述）"
"EV-20260920-C1112-A32","","2026-09-20T15:35:37.0579540+00:00","IMP-20260920-C1112-01-Q32","","Hash-MAC","attempt","unknown","学习记录/回合/2026-09-20_Ch11Ch12_Q25-32重做.md","","教学GPT转述2026-09-20重做Q32机制表述有断点；后续追问恢复另记","用户（教学GPT转述）"
"EV-20260920-C1112-F28","","2026-09-20T15:35:37.0579540+00:00","IMP-20260920-C1112-01-Q28","","CMAC.subkeys","feedback","not_applicable","学习记录/回合/2026-09-20_Ch11Ch12_Q25-32重做.md","","教学GPT报告已补充Q28生成过程及表示关系；不推断特定通用KDF错误模型","教学GPT（用户转交）"
"EV-20260920-C1112-F30","","2026-09-20T15:35:37.0579540+00:00","IMP-20260920-C1112-01-Q30","","CCM","feedback","not_applicable","学习记录/回合/2026-09-20_Ch11Ch12_Q25-32重做.md","","来源方判Q30构造正确且仅覆盖不全；保留原判读；该构造判断后由C30校正","教学GPT（用户转交）"
"EV-20260920-C1112-F32","","2026-09-20T15:35:37.0579540+00:00","IMP-20260920-C1112-01-Q32","","Hash-MAC","feedback","not_applicable","学习记录/回合/2026-09-20_Ch11Ch12_Q25-32重做.md","","教学GPT报告已纠正Q32机制表述并作追问","教学GPT（用户转交）"
"EV-20260920-C1112-R28","","2026-09-20T15:35:37.0579540+00:00","IMP-20260920-C1112-01-Q28","","CMAC.subkeys","attempt","cued","学习记录/回合/2026-09-20_Ch11Ch12_Q25-32重做.md","","教学GPT转述反馈后确认形式符号及表示关系；仅提示后局部恢复；未迁移","用户（教学GPT转述）"
"EV-20260920-C1112-R32","","2026-09-20T15:35:37.0579540+00:00","IMP-20260920-C1112-01-Q32","","Hash-MAC","attempt","cued","学习记录/回合/2026-09-20_Ch11Ch12_Q25-32重做.md","","教学GPT转述追问后恢复需求表述；不等于完整机制独立重建","用户（教学GPT转述）"
"EV-20260920-C1112-C30","2026-09-20T15:35:37.0579540+00:00","2026-09-20T15:35:37.0579540+00:00","IMP-20260920-C1112-01-Q30","","CCM","correction","not_applicable","学习记录/回合/2026-09-20_Ch11Ch12_Q25-32重做.md","","更正EV-20260920-C1112-F30的构造正确判定；NIST SP800-38C核验不符；原紙未见故学习者错误归属待核验；校正输出不等于已修复","Codex"
